id,shortcite,longcite,year,n,label,category
110,Adams 1976,"RM Adams, Motive Utilitarianism, Journal Of Philosophy, 73 (14): 467-481 1976",1976,43,Adams 1976,ET
137,Adams 1979,"RM Adams, Primitive Thisness And Primitive Identity, Journal Of Philosophy, 76 (1): 5-26 1979",1979,118,Adams 1979,ME
158,Adams 1981,"RM Adams, Actualism And Thisness, Synthese, 49 (1): 3-41 1981",1981,75,Adams 1981,ME
200,Adams 1985,"RM Adams, Involuntary Sins, Philosophical Review, 94 (1): 3-31 1985",1985,59,Adams 1985,ET
442,Allais 2009,"Lucy Allais, Kant, Non-Conceptual Content And The Representation Of Space, Journal Of The History Of Philosophy, 47 (3): 383-413 JUL 2009",2009,43,Allais 2009,HP
60,Alston 1971,"W Alston, Varieties Of Privileged Access, American Philosophical Quarterly, 8 (3): 223-241 1971",1971,46,Alston 1971,PM
197,Alston 1985,"WP Alston, Concepts Of Epistemic Justification, Monist, 68 (1): 57-89 1985",1985,71,Alston 1985,EP
227,Alston 1988,"WP Alston, An Internalist Externalism, Synthese, 74 (3): 265-283 MAR 1988",1988,57,Alston 1988,EP
333,Anderson 1999,"ES Anderson, What Is The Point Of Equality?, Ethics, 109 (2): 287-337 JAN 1999",1999,165,Anderson 1999,PP
240,Arneson 1989,"RJ Arneson, Equality And Equal-Opportunity For Welfare, Philosophical Studies, 56 (1): 77-93 MAY 1989",1989,79,Arneson 1989,PP
292,Audi 1994,"R Audi, Dispositional Beliefs And Dispositions To Believe, Nous, 28 (4): 419-434 DEC 1994",1994,66,R Audi 1994,PM
317,Audi 1997,"R Audi, The Place Of Testimony In The Fabric Of Knowledge And Justification, American Philosophical Quarterly, 34 (4): 405-422 OCT 1997",1997,59,R Audi 1997,EP
467,Audi 2012,"Paul Audi, Grounding: Toward A Theory Of The In-Virtue-Of Relation, Journal Of Philosophy, 109 (12): 685-711 DEC 2012",2012,79,P Audi 2012,ME
318,Bach 1997,"K Bach, Do Belief Reports Report Beliefs? + Specification-Assumption, Semantics, Pacific Philosophical Quarterly, 78 (3): 215-241 SEP 1997",1997,54,Bach 1997,PM
205,Baier 1986,"A Baier, Trust And Antitrust, Ethics, 96 (2): 231-260 JAN 1986",1986,87,Baier 1986,ET
314,Baker 1997,"LR Baker, Why Constitution Is Not Identity, Journal Of Philosophy, 94 (12): 599-621 DEC 1997",1997,71,LR Baker 1997,ME
399,Baker 2005,"A Baker, Are There Genuine Mathematical Explanations Of Physical Phenomena?, Mind, 114 (454): 223-238 APR 2005",2005,87,A Baker 2005,PS
437,Baker 2009,"Alan Baker, Mathematical Explanation In Science, British Journal For The Philosophy Of Science, 60 (3): 611-633 SEP 2009",2009,52,A Baker 2009,PS
491,Batterman 2014,"Robert W. Batterman and Collin C. Rice, Minimal Model Explanations, Philosophy Of Science, 81 (3): 349-376 JUL 2014",2014,44,Batterman 2014,PS
231,Baxter 1988,"DLM Baxter, Identity In The Loose And Popular Sense, Mind, 97 (388): 575-582 OCT 1988",1988,47,Baxter 1988,ME
441,Bayne 2009,"Tim Bayne, Perception And The Reach Of Phenomenal Content, Philosophical Quarterly, 59 (236): 385-404 JUL 2009",2009,45,Bayne 2009,PM
338,Bechtel 1999,"W Bechtel and J Mundale, Multiple Realizability Revisited: Linking Cognitive And Neural States, Philosophy Of Science, 66 (2): 175-207 JUN 1999",1999,79,Bechtel 1999,PS
72,Benacerraf 1973,NA,1973,389,Benacerraf 1973,LM
503,Bengson 2015,"John Bengson, The Intellectual Given, Mind, 124 (495): 707-760 JUL 2015",2015,22,Bengson 2015,PM
383,Bennett 2003,"K Bennett, Why The Exclusion Problem Seems Intractable, And How, Just Maybe To Tract It, Nous, 37 (3): 471-497 SEP 2003",2003,72,Bennett 2003,PM
455,Bennett 2011,"Karen Bennett, By Our Bootstraps, Philosophical Perspectives, 25 (1): 27-41 DEC 2011",2011,73,Bennett 2011 Bootstraps,ME
463,Bennett 2011,"Karen Bennett, Construction Area (No Hard Hat Required), Philosophical Studies, 154 (1): 79-104 MAY 2011",2011,50,Bennett 2011 Construction,ME
480,Berker 2013,"Selim Berker, Epistemic Teleology And The Separateness Of Propositions, Philosophical Review, 122 (3): 337-393 JUL 2013",2013,40,Berker 2013,EP
213,Bigelow 1987,"J Bigelow and R Pargetter, Functions, Journal Of Philosophy, 84 (4): 181-196 APR 1987",1987,74,Bigelow 1987,PS
326,Bird 1998,"A Bird, Dispositions And Antidotes (Reply To David Lewis), Philosophical Quarterly, 48 (191): 227-234 APR 1998",1998,106,Bird 1998,ME
230,Blackburn 1988,"S Blackburn, Attitudes And Contents, Ethics, 98 (3): 501-517 APR 1988",1988,49,Blackburn 1988,ET
66,Block 1972,"NJ Block and JA Fodor, What Psychological States Are Not, Philosophical Review, 81 (2): 159-181 1972",1972,72,Block 1972,PM
148,Block 1980,"N Block, Are Absent Qualia Impossible, Philosophical Review, 89 (2): 257-274 1980",1980,39,Block 1980,PM
206,Block 1986,"N Block, Advertisement For A Semantics For Psychology, Midwest Studies In Philosophy, 10: 615-678 1986",1986,84,Block 1986,PM
335,Block 1999,"N Block and R Stalnaker, Conceptual Analysis, Dualism, And The Explanatory Gap, Philosophical Review, 108 (1): 1-46 JAN 1999",1999,128,Block and Stalnaker 1999,PM
223,Bogen 1988,"J Bogen and J Woodward, Saving The Phenomena, Philosophical Review, 97 (3): 303-352 JUL 1988",1988,107,Bogen and Woodward 1988,PS
235,Boghossian 1989,"PA Boghossian and JD Velleman, Color As A Secondary Quality, Mind, 98 (389): 81-103 JAN 1989",1989,121,Boghossian and Velleman 1989,PM
241,Boghossian 1989,"PA Boghossian, The Rule-Following Considerations .5., Mind, 98 (392): 507-549 OCT 1989",1989,78,Boghossian 1989,PM
250,Boghossian 1990,"PA Boghossian, The Status Of Content, Philosophical Review, 99 (2): 157-184 APR 1990",1990,56,Boghossian 1990,PM
306,Boghossian 1996,"PA Boghossian, Analyticity Reconsidered, Nous, 30 (3): 360-391 SEP 1996",1996,72,Boghossian 1996,PM
496,Boghossian 2014,"Paul Boghossian, What Is Inference?, Philosophical Studies, 169 (1): 1-18 Sp. Iss. SI MAY 2014",2014,40,Boghossian 2014,PM
464,Bokulich 2011,"Alisa Bokulich, How Scientific Models Can Explain, Synthese, 180 (1): 33-45 MAY 2011",2011,42,Bokulich 2011,PS
56,Boolos 1971,NA,1971,97,Boolos 1971,LM
184,Boolos 1984,"G Boolos, To-Be Is To Be A Value Of A Variable (Or To Be Some Values Of Some Variables), Journal Of Philosophy, 81 (8): 430-449 1984",1984,148,Boolos 1984,LM
195,Boolos 1985,"G Boolos, Nominalist Platonism, Philosophical Review, 94 (3): 327-344 JUL 1985",1985,84,Boolos 1985,LM
119,Boorse 1977,"C Boorse, Health As A Theoretical Concept, Philosophy Of Science, 44 (4): 542-573 1977",1977,68,Boorse 1977,PS
255,Boyd 1991,"R Boyd, Realism, Antifoundationalism And The Enthusiasm For Natural Kinds, Philosophical Studies, 61 (1-2): 127-148 FEB 1991",1991,97,Boyd 1991,PS
177,Brandom 1983,"R Brandom, Asserting, Nous, 17 (4): 637-650 1983",1983,76,Brandom 1983,PL
270,Bratman 1992,"ME Bratman, Shared Cooperative Activity, Philosophical Review, 101 (2): 327-340 APR 1992",1992,61,Bratman 1992,PM
277,Bratman 1993,"ME Bratman, Shared Intention, Ethics, 104 (1): 97-113 OCT 1993",1993,54,Bratman 1993,PM
276,Braun 1993,"D Braun, Empty Names, Nous, 27 (4): 449-469 DEC 1993",1993,55,Braun 1993,PL
412,Brewer 2006,"Bill Brewer, Perception And Content, European Journal Of Philosophy, 14 (2): 165-181 AUG 2006",2006,69,Brewer 2006,PM
482,Brogaard 2013,"Berit Brogaard and Joe Salerno, Remarks On Counterpossibles, Synthese, 190 (4): 639-660 MAR 2013",2013,35,Brogaard 2013,ME
334,Broome 1999,"J Broome, Normative Requirements (Rationality, Correct Reasoning), Ratio-New Series, 12 (4): 398-419 DEC 1999",1999,136,Broome 1999,ET
432,Brown 2008,"Jessica Brown, Subject-Sensitive Invariantism And The Knowledge Norm For Practical Reasoning, Nous, 42 (2): 167-189 JUN 2008",2008,51,Brown 2008,EP
79,Burge 1973,NA,1973,147,Burge 1973,PM
90,Burge 1974,NA,1974,49,Burge 1974,PM
115,Burge 1977,"T Burge, Belief De Re, Journal Of Philosophy, 74 (6): 338-362 1977",1977,101,Burge 1977,PM
202,Burge 1986,"T Burge, Individualism And Psychology, Philosophical Review, 95 (1): 3-45 JAN 1986",1986,138,Burge 1986 Individualism,PM
208,Burge 1986,"T Burge, Intellectual Norms And Foundations Of Mind, Journal Of Philosophy, 83 (12): 697-720 DEC 1986",1986,80,Burge 1986 Intellectual Norms,PM
222,Burge 1988,"T Burge, Individualism And Self-Knowledge, Journal Of Philosophy, 85 (11): 649-663 NOV 1988",1988,159,Burge 1988,PM
272,Burge 1993,"T Burge, Content Preservation, Philosophical Review, 102 (4): 457-488 OCT 1993",1993,247,Burge 1993,PM
319,Burge 1997,"T Burge, Interlocution, Perception, And Memory, Philosophical Studies, 86 (1): 21-47 APR 1997",1997,53,Burge 1997,PM
376,Burge 2003,"T Burge, Perceptual Entitlement (Epistemic Warrant), Philosophy And Phenomenological Research, 67 (3): 503-548 NOV 2003",2003,104,Burge 2003,EP
269,Burke 1992,"MB Burke, Copper Statues And Pieces Of Copper - A Challenge To The Standard Account, Analysis, 52 (1): 12-17 JAN 1992",1992,64,Burke 1992,ME
290,Burke 1994,"MB Burke, Preserving The Principle Of 1 Object To A Place - A Novel Account Of The Relations Among Objects, Sorts, Sortals, And Persistance Conditions, Philosophy And Phenomenological Research, 54 (3): 591-624 SEP 1994",1994,68,Burke 1994,ME
436,Byrne 2009,"Alex Byrne, Experience And Content, Philosophical Quarterly, 59 (236): 429-451 JUL 2009",2009,52,Byrne 2009,PM
427,Cameron 2008,"Ross P. Cameron, Turtles All The Way Down: Regress, Priority And Fundamentality, Philosophical Quarterly, 58 (230): 1-14 JAN 2008",2008,62,Cameron 2008 Regress,ME
433,Cameron 2008,"Ross P. Cameron, Truthmakers And Ontological Commitment: Or How To Deal With Complex Objects And Mathematical Ontology Without Getting Into Trouble, Philosophical Studies, 140 (1): 1-18 JUL 2008",2008,49,Cameron 2008 Truthmakers,ME
139,Cartwright 1979,"N Cartwright, Causal Laws And Effective Strategies, Nous, 13 (4): 419-437 1979",1979,107,Cartwright 1979,PS
14,Castaneda 1967,"HN Castaneda, Indicators And Quasi-Indicators, American Philosophical Quarterly, 4 (2): 85-100 1967",1967,95,Casta–eda 1967,EP
26,Castaneda 1968,"HN Castaneda, Logic Of Attributions Of Self-Knowledge To Others, Journal Of Philosophy, 65 (15): 439-456 1968",1968,53,Casta–eda 1968,PM
69,Causey 1972,NA,1972,46,Causey 1972,PS
354,Chalmers 2001,"DJ Chalmers and F Jackson, Conceptual Analysis And Reductive Explanation, Philosophical Review, 110 (3): 315-360 JUL 2001",2001,132,Chalmers and Jackson 2001,PM
390,Chalmers 2004,"DJ Chalmers, Epistemic Two-Dimensional Semantics, Philosophical Studies, 118 (1-2): 153-226 MAR 2004",2004,64,Chalmers 2004,PL
456,Chalmers 2011,"David J. Chalmers, Verbal Disputes, Philosophical Review, 120 (4): 515-566 OCT 2011",2011,60,Chalmers 2011,PL
366,Chang 2002,"R Chang, The Possibility Of Parity, Ethics, 112 (4): 659-688 JUL 2002",2002,93,Chang 2002,ET
7,Chisholm 1966,"RM Chisholm and E Sosa, Logic Of Intrinsically Better, American Philosophical Quarterly, 3 (3): 244-249 1966",1966,22,Chisholm and Sosa 1966,ET
299,Chomsky 1995,"N Chomsky, Language And Nature, Mind, 104 (413): 1-61 JAN 1995",1995,58,Chomsky 1995,PL
415,Christensen 2007,"David Christensen, Epistemology Of Disagreement: The Good News, Philosophical Review, 116 (2): 187-217 APR 2007",2007,174,Christensen 2007,EP
446,Christensen 2010,"David Christensen, Higher-Order Evidence, Philosophy And Phenomenological Research, 81 (1): 185-215 JUL 2010",2010,71,Christensen 2010,EP
457,Christensen 2011,"David Christensen, Disagreement, Question-Begging And Epistemic Self-Criticism, Philosophers Imprint, 11 (6): - MAR 2011",2011,59,Christensen 2011,EP
153,Churchland 1981,"PM Churchland, Eliminative Materialism And The Propositional Attitudes, Journal Of Philosophy, 78 (2): 67-90 1981",1981,182,Churchland 1981,PM
199,Churchland 1985,"PM Churchland, Reduction, Qualia, And The Direct Introspection Of Brain States, Journal Of Philosophy, 82 (1): 8-28 1985",1985,61,Churchland 1985,PM
360,Clapp 2001,"L Clapp, Disjunctive Properties: Multiple Realizations, Journal Of Philosophy, 98 (3): 111-136 MAR 2001",2001,62,Clapp 2001,ME
323,Clark 1998,"A Clark and D Chalmers, The Extended Mind (Active Externalism), Analysis, 58 (1): 7-19 JAN 1998",1998,190,Clark and Chalmers 1998,PM
67,Clarke 1972,NA,1972,66,Clarke 1972,EP
474,Cobreros 2012,"Pablo Cobreros, Paul Egre, et al, Tolerant, Classical, Strict, Journal Of Philosophical Logic, 41 (2): 347-385 APR 2012",2012,39,Cobreros et al 2012,LM
186,Cohen 1984,"S Cohen, Justification And Truth, Philosophical Studies, 46 (3): 279-295 1984",1984,122,S Cohen 1984,EP
233,Cohen 1989,"GA Cohen, On The Currency Of Egalitarian Justice, Ethics, 99 (4): 906-944 JUL 1989",1989,139,GA Cohen 1989,PP
364,Cohen 2002,"S Cohen, Basic Knowledge And The Problem Of Easy Knowledge, Philosophy And Phenomenological Research, 65 (2): 309-329 SEP 2002",2002,126,S Cohen 2002,EP
443,Cohen 2009,"Jonathan Cohen and Craig Callender, A Better Best System Account Of Lawhood, Philosophical Studies, 145 (1): 1-34 JUL 2009",2009,40,J Cohen and Callender 2009,PS
330,Conee 1998,"E Conee and R Feldman, The Generality Problem For Reliabilism, Philosophical Studies, 89 (1): 1-29 JAN 1998",1998,84,Conee and Feldman 1998,EP
246,Crane 1990,"T Crane and DH Mellor, There Is No Question Of Physicalism, Mind, 99 (394): 185-206 APR 1990",1990,89,Crane and Mellor 1990,PM
362,Craver 2001,"CF Craver, Role Functions, Mechanisms, And Hierarchy, Philosophy Of Science, 68 (1): 53-74 MAR 2001",2001,55,Craver 2001,PS
409,Craver 2006,"Carl F. Craver, When Mechanistic Models Explain, Synthese, 153 (3): 355-376 DEC 2006",2006,73,Craver 2006,PS
238,Crimmins 1989,"M Crimmins and J Perry, The Prince And The Phone Booth - Reporting Puzzling Beliefs, Journal Of Philosophy, 86 (12): 685-711 DEC 1989",1989,83,Crimmins and Perry 1989,PM
92,Cummins 1975,"R Cummins, Functional-Analysis, Journal Of Philosophy, 72 (20): 741-765 1975",1975,249,Cummins 1975,PS
346,D'arms 2000,"J D'arms and D Jacobson, The Moralistic Fallacy: On The 'Appropriateness' Of Emotions (Ethics, Propriety, Correctness), Philosophy And Phenomenological Research, 61 (1): 65-90 JUL 2000",2000,111,D'Arms and Jacobson 2000,ET
138,Daniels 1979,"N Daniels, Wide Reflective Equilibrium And Theory Acceptance In Ethics, Journal Of Philosophy, 76 (5): 256-282 1979",1979,114,Daniels 1979,ET
149,Daniels 1980,"N Daniels, Reflective Equilibrium And Archimedean Points, Canadian Journal Of Philosophy, 10 (1): 83-103 1980",1980,34,Daniels 1980,ET
114,Darwall 1977,"SL Darwall, 2 Kinds Of Respect, Ethics, 88 (1): 36-49 1977",1977,112,Darwall 1977,ET
268,Darwall 1992,"S Darwall, A Gibbard, et al, Toward Fin-De-Siecle Ethics - Some Trends, Philosophical Review, 101 (1): 115-189 JAN 1992",1992,65,Darwall 1992,ET
488,Dasgupta 2014,"Shamik Dasgupta, The Possibility Of Physicalism, Journal Of Philosophy, 111 (9-10): 557-592 Sp. Iss. SI SEP-OCT 2014",2014,51,Dasgupta 2014 Physicalism,ME
494,Dasgupta 2014,"Shamik Dasgupta, On The Plurality Of Grounds, Philosophers Imprint, 14 (20): 1-28 JUN 2014",2014,41,Dasgupta 2014 Grounds,ME
11,Davidson 1967,"D Davidson, Truth And Meaning, Synthese, 17 (3): 304-323 1967",1967,126,Davidson 1967 Truth and Meaning,PL
13,Davidson 1967,"D Davidson, Causal Relations, Journal Of Philosophy, 64 (21): 691-703 1967",1967,113,Davidson 1967 Causal Relations,ME
40,Davidson 1969,"D Davidson, True To Facts, Journal Of Philosophy, 66 (21): 748-764 1969",1969,28,Davidson 1969,ME
242,Davidson 1990,"D Davidson, The Structure And Content Of Truth, Journal Of Philosophy, 87 (6): 279-328 JUN 1990",1990,113,Davidson 1990,LM
310,Davidson 1996,"D Davidson, The Folly Of Trying To Define Truth, Journal Of Philosophy, 93 (6): 263-278 JUN 1996",1996,60,Davidson 1996,LM
142,Davies 1980,"M Davies and L Humberstone, 2 Notions Of Necessity, Philosophical Studies, 38 (1): 1-30 1980",1980,108,Davies and Humberstone 1980,LM
52,Dennett 1971,NA,1971,329,Dennett 1971,PM
253,Dennett 1991,"DC Dennett, Real Patterns, Journal Of Philosophy, 88 (1): 27-51 JAN 1991",1991,102,Dennett 1991,PM
254,Derose 1991,"K Derose, Epistemic Possibilities, Philosophical Review, 100 (4): 581-605 OCT 1991",1991,98,DeRose 1991,EP
264,Derose 1992,"K Derose, Contextualism And Knowledge Attributions, Philosophy And Phenomenological Research, 52 (4): 913-929 DEC 1992",1992,184,DeRose 1992,EP
293,Derose 1995,"K Derose, Solving The Skeptical Problem, Philosophical Review, 104 (1): 1-52 JAN 1995",1995,274,DeRose 1995,EP
379,Derose 2003,"K Derose, Assertion, Knowledge, And Context, Philosophical Review, 111 (2): 167-203 APR 2003",2003,81,DeRose 2003,EP
478,Derosset 2013,"Louis Derosset, Grounding Explanations, Philosophers Imprint, 13 (7): - APR 2013",2013,51,DeRosset 2013,ME
86,Devitt 1974,NA,1974,62,Devitt 1974,PL
1,Donnellan 1966,"KS Donnellan, Reference And Definite Descriptions, Philosophical Review, 75 (3): 281-304 1966",1966,308,Donnellan 1966,PL
47,Donnellan 1970,"KS Donnellan, Proper Names And Identifying Descriptions, Synthese, 21: 335-358 1970",1970,50,Donnellan 1970,PL
84,Donnellan 1974,"KS Donnellan, Speaking Of Nothing, Philosophical Review, 83 (1): 3-31 1974",1974,70,Donnellan 1974,PL
458,Dotson 2011,"Kristie Dotson, Tracking Epistemic Violence, Tracking Practices Of Silencing, Hypatia-A Journal Of Feminist Philosophy, 26 (2): 236-257 SPR 2011",2011,57,Dotson 2011,EP
406,Douven 2006,"Igor Douven, Assertion, Knowledge, And Rational Credibility, Philosophical Review, 115 (4): 449-485 OCT 2006",2006,90,Douven 2006,PL
248,Dreier 1990,"J Dreier, Internalism And Speaker Relativism, Ethics, 101 (1): 6-26 OCT 1990",1990,68,Dreier 1990,ET
280,Dreier 1993,"J Dreier, Structures Of Normative Theories + Addressing The Agent-Neutral And Agent-Centered Distinctions As Substantive Mistakes In Moral Theorizing, Monist, 76 (1): 22-40 JAN 1993",1993,44,Dreier 1993,ET
41,Dretske 1970,"FI Dretske, Epistemic Operators, Journal Of Philosophy, 67 (24): 1007-1023 1970",1970,282,Dretske 1970,EP
68,Dretske 1972,"FI Dretske, Contrastive Statements, Philosophical Review, 81 (4): 411-437 1972",1972,55,Dretske 1972,ME
112,Dretske 1977,"FI Dretske, Laws Of Nature, Philosophy Of Science, 44 (2): 248-268 1977",1977,160,Dretske 1977,ME
160,Dretske 1981,"F Dretske, The Pragmatic Dimension Of Knowledge, Philosophical Studies, 40 (3): 363-378 1981",1981,71,Dretske 1981,EP
275,Dretske 1993,"F Dretske, Conscious Experience, Mind, 102 (406): 263-283 APR 1993",1993,56,Dretske 1993,PM
108,Dunn 1976,"JM Dunn, Intuitive Semantics For 1st-Degree Entailments And Coupled Trees, Philosophical Studies, 29 (3): 149-168 1976",1976,62,Dunn 1976,LM
157,Dupre 1981,"J Dupre, Natural Kinds And Biological Taxa, Philosophical Review, 90 (1): 66-90 1981",1981,75,Dupre 1981,PS
156,Dworkin 1981,"R Dworkin, What Is Equality .2. Equality Of Resources, Philosophy & Public Affairs, 10 (4): 283-345 1981",1981,97,Dworkin 1981,PP
308,Dworkin 1996,"R Dworkin, Objectivity And Truth: You'd Better Believe It, Philosophy & Public Affairs, 25 (2): 87-139 SPR 1996",1996,68,Dworkin 1996,PP
215,Earman 1987,"J Earman and J Norton, What Price Spacetime Substantivalism - The Hole Story, British Journal For The Philosophy Of Science, 38 (4): 515-525 DEC 1987",1987,63,Earman 1987,PS
419,Egan 2007,"Andy Egan, Epistemic Modals, Relativism And Assertion, Philosophical Studies, 133 (1): 1-22 MAR 2007",2007,96,Egan 2007,PL
347,Elga 2000,"A Elga, Self-Locating Belief And The 'Sleeping Beauty' Problem, Analysis, 60 (2): 143-147 APR 2000",2000,106,Elga 2000,EP
414,Elga 2007,"Adam Elga, Reflection And Disagreement, Nous, 41 (3): 478-502 SEP 2007",2007,184,Elga 2007,EP
407,Enoch 2006,"David Enoch, Agency, Shmagency: Why Normativity Won't Come From What Is Constitutive Of Action, Philosophical Review, 115 (2): 169-198 APR 2006",2006,74,Enoch 2006,ET
449,Enoch 2010,"David Enoch, The Epistemological Challenge To Metanormative Realism: How Best To Understand It, And How To Cope With It, Philosophical Studies, 148 (3): 413-438 APR 2010",2010,59,Enoch 2010,ET
363,Fantl 2002,"J Fantl and M Mcgrath, Evidence, Pragmatics, And Justification, Philosophical Review, 111 (1): 67-94 JAN 2002",2002,129,Fantl and McGrath 2002,EP
402,Fara 2005,"M Fara, Dispositions And Habituals, Nous, 39 (1): 43-82 MAR 2005",2005,60,M Fara 2005,ME
429,Fara 2008,"Michael Fara, Masked Abilities And Compatibilism, Mind, 117 (468): 843-865 OCT 2008",2008,58,M Fara 2008,ME
504,Fara 2015,"Delia Graff Fara, Names Are Predicates, Philosophical Review, 124 (1): 59-117 JAN 2015",2015,21,D Fara 2015,PL
191,Feldman 1985,"R Feldman and E Conee, Evidentialism, Philosophical Studies, 48 (1): 15-34 1985",1985,129,Feldman and Conee 1985,EP
198,Feldman 1985,"R Feldman, Reliability And Justification, Monist, 68 (2): 159-174 1985",1985,65,Feldman 1985,EP
349,Feldman 2000,"R Feldman, The Ethics Of Belief, Philosophy And Phenomenological Research, 60 (3): 667-695 MAY 2000",2000,80,Feldman 2000,EP
62,Field 1972,NA,1972,206,Field 1972,LM
77,Field 1973,NA,1973,167,Field 1973,PS
118,Field 1977,"HH Field, Logic, Meaning, And Conceptual Role, Journal Of Philosophy, 74 (7): 379-409 1977",1977,77,Field 1977,LM
286,Field 1994,"H Field, Deflationist Views Of Meaning And Content, Mind, 103 (411): 249-285 JUL 1994",1994,100,Field 1994,LM
210,Fine 1986,"A Fine, Unnatural Attitudes - Realist And Instrumentalist Attachments To Science, Mind, 95 (378): 149-179 APR 1986",1986,58,A Fine 1986,PM
382,Fine 2003,"K Fine, The Non-Identity Of A Material Thing And Its Matter, Mind, 112 (446): 195-234 APR 2003",2003,76,K Fine 2003,ME
470,Fine 2012,"Kit Fine, The Pure Logic Of Ground, Review Of Symbolic Logic, 5 (1): 1-25 MAR 2012",2012,48,K Fine 2012,ME
341,Fitelson 1999,"B Fitelson, The Plurality Of Bayesian Measures Of Confirmation And The Problem Of Measure Sensitivity, Philosophy Of Science, 66 (3): S362-S378 Suppl. S SEP 1999",1999,66,Fitelson 1999,EP
499,Fitzpatrick 2015,"William J. Fitzpatrick, Debunking Evolutionary Debunking Of Ethical Realism, Philosophical Studies, 172 (4): 883-904 Sp. Iss. SI APR 2015",2015,29,Fitzpatrick 2015,ET
190,Fodor 1984,"J Fodor, Observation Reconsidered, Philosophy Of Science, 51 (1): 23-43 1984",1984,70,Fodor 1984,PM
34,Follesdal 1969,"D Follesdal, Husserls Notion Of Noema, Journal Of Philosophy, 66 (20): 680-687 1969",1969,57,Follesdal 1969,HP
63,Foot 1972,"P Foot, Morality As A System Of Hypothetical Imperatives, Philosophical Review, 81 (3): 305-316 1972",1972,111,Foot 1972,ET
285,Forster 1994,"M Forster and E Sober, How To Tell When Simpler, More Unified, Or Less Ad-Hoc Theories Will Provide More Accurate Predictions, British Journal For The Philosophy Of Science, 45 (1): 1-35 MAR 1994",1994,100,Forster and Sober 1994,PS
221,Fox 1987,"JF Fox, Truthmaker, Australasian Journal Of Philosophy, 65 (2): 188-207 JUN 1987",1987,47,Fox 1987,ME
31,Frankfurt 1969,"HG Frankfurt, Alternate Possibilities And Moral Responsibility, Journal Of Philosophy, 66 (23): 829-839 1969",1969,357,Frankfurt 1969,ET
51,Frankfurt 1971,NA,1971,1217,Frankfurt 1971,ET
129,Frankfurt 1978,"HG Frankfurt, Problem Of Action, American Philosophical Quarterly, 15 (2): 157-162 1978",1978,50,Frankfurt 1978,ET
220,Frankfurt 1987,"H Frankfurt, Equality As A Moral Ideal, Ethics, 98 (1): 21-43 OCT 1987",1987,48,Frankfurt 1987,PP
82,Friedman 1974,NA,1974,379,Friedman 1974,PS
6,Geach 1966,"PT Geach, Plato Euthyphro - Analysis And Commentary, Monist, 50 (3): 369-382 1966",1966,28,Geach 1966,HP
17,Geach 1967,"PT Geach, Identity, Review Of Metaphysics, 21 (1): 3-12 1967",1967,57,Geach 1967,ME
425,Gendler 2008,"Tamar Szabo Gendler, Alief And Belief, Journal Of Philosophy, 105 (10): 634-663 Sp. Iss. SI OCT 2008",2008,110,Gendler 2008,PM
94,Gibbard 1975,"A Gibbard, Contingent Identity, Journal Of Philosophical Logic, 4 (2): 187-221 1975",1975,133,Gibbard 1975,ME
393,Giere 2004,"RN Giere, How Models Are Used To Represent Reality, Philosophy Of Science, 71 (5): 742-752 DEC 2004",2004,58,Giere 2004,PS
365,Glennan 2002,"S Glennan, Rethinking Mechanistic Explanation, Philosophy Of Science, 69 (3): S342-S353 Suppl. S SEP 2002",2002,96,Glennan 2002,PS
410,Godfrey-Smith 2006,"Peter Godfrey-Smith, The Strategy Of Model-Based Science, Biology & Philosophy, 21 (5): 725-740 NOV 2006",2006,71,Godfrey-Smith 2006,PS
287,Godfreysmith 1994,"P Godfreysmith, A Modern-History Theory Of Functions, Nous, 28 (3): 344-362 SEP 1994",1994,81,Godfrey-Smith 1994,PS
37,Goguen 1969,"JA Goguen, Logic Of Inexact Concepts, Synthese, 19 (3-4): 325-373 1969",1969,40,Goguen 1969,LM
12,Goldman 1967,"AI Goldman, Causal Theory Of Knowing, Journal Of Philosophy, 64 (12): 357-372 1967",1967,122,Goldman 1967,EP
59,Goldman 1971,NA,1971,55,Goldman 1971,EP
101,Goldman 1976,"AI Goldman, Discrimination And Perceptual Knowledge, Journal Of Philosophy, 73 (20): 771-791 1976",1976,330,Goldman 1976,EP
340,Goldman 1999,"AI Goldman, Internalism Exposed, Journal Of Philosophy, 96 (6): 271-293 JUN 1999",1999,71,Goldman 1999,EP
359,Goldman 2001,"AI Goldman, Experts: Which Ones Should You Trust? (Epistemic Considerations), Philosophy And Phenomenological Research, 63 (1): 85-110 JUL 2001",2001,72,Goldman 2001,EP
408,Greaves 2006,"Hilary Greaves and David Wallace, Justifying Conditionalization: Conditionalization Maximizes Expected Epistemic Utility, Mind, 115 (459): 607-632 JUL 2006",2006,74,Greaves and Wallace 2006,PS
469,Greco 2012,"John Greco, A (Different) Virtue Epistemology, Philosophy And Phenomenological Research, 85 (1): 1-26 JUL 2012",2012,49,Greco 2012,EP
100,Greenspan 1975,"PS Greenspan, Conditional Oughts And Hypothetical Imperatives, Journal Of Philosophy, 72 (10): 259-276 1975",1975,54,Greenspan 1975,ET
33,Grice 1969,"HP Grice, Utterers Meaning And Intentions, Philosophical Review, 78 (2): 147-177 1969",1969,75,Grice 1969,LM
278,Griffiths 1993,"PE Griffiths, Functional-Analysis And Proper Functions, British Journal For The Philosophy Of Science, 44 (3): 409-422 SEP 1993",1993,53,Griffiths 1993,PS
288,Griffiths 1994,"PE Griffiths and RD Gray, Developmental Systems And Evolutionary Explanation, Journal Of Philosophy, 91 (6): 277-304 JUN 1994",1994,75,Griffiths and Gray 1994,PS
224,Grove 1988,"A Grove, 2 Modelings For Theory Change, Journal Of Philosophical Logic, 17 (2): 157-170 MAY 1988",1988,73,Grove 1988,PS
96,Grover 1975,"DL Grover, JL Camp, et al, Pro-Sentential Theory Of Truth, Philosophical Studies, 27 (2): 73-125 1975",1975,81,Grover et al 1975,LM
166,Gupta 1982,"A Gupta, Truth And Paradox, Journal Of Philosophical Logic, 11 (1): 1-60 1982",1982,72,Gupta 1982,LM
18,Hacking 1967,"I Hacking, Slightly More Realistic Personal Probability, Philosophy Of Science, 34 (4): 311-325 1967",1967,52,Hacking 1967 Personal Probablity,PS
19,Hacking 1967,"I Hacking, Possibility, Philosophical Review, 76 (2): 143-168 1967",1967,50,Hacking 1967 Possibility,ME
375,Hajek 2003,"A Hajek, What Conditional Probability Could Not Be, Synthese, 137 (3): 273-323 DEC 2003",2003,105,Hajek 2003,EP
403,Halpern 2005,"JY Halpern and J Pearl, Causes And Explanations: A Structural-Model Approach. Part I: Causes, British Journal For The Philosophy Of Science, 56 (4): 843-887 DEC 2005",2005,54,Halpern 2005,ME
192,Hardwig 1985,"J Hardwig, Epistemic Dependence, Journal Of Philosophy, 82 (7): 335-349 1985",1985,98,Hardwig 1985,EP
257,Hardwig 1991,"J Hardwig, The Role Of Trust In Knowledge, Journal Of Philosophy, 88 (12): 693-708 DEC 1991",1991,80,Hardwig 1991,EP
30,Harman 1968,"G Harman, Knowledge, Inference, And Explanation, American Philosophical Quarterly, 5 (3): 164-173 1968",1968,37,Harman 1968,EP
95,Harman 1975,"G Harman, Moral Relativism Defended, Philosophical Review, 84 (1): 3-22 1975",1975,83,Harman 1975,ET
106,Harman 1976,"G Harman, Practical Reasoning, Review Of Metaphysics, 29 (3): 431-463 1976",1976,83,Harman 1976,ET
352,Haslanger 2000,"S Haslanger, Gender And Race: (What) Are They? (What) Do We Want Them To Be?, Nous, 34 (1): 31-55 MAR 2000",2000,70,Haslanger 2000,PP
424,Hawthorne 2008,"John Hawthorne and Jason Stanley, Knowledge And Action, Journal Of Philosophy, 105 (10): 571-590 Sp. Iss. SI OCT 2008",2008,157,Hawthorne and Stanley 2008,EP
348,Heck 2000,"RG Heck, Nonconceptual Content And The ""Space Of Reasons"", Philosophical Review, 109 (4): 483-523 OCT 2000",2000,94,Heck 2000,PM
502,Hedden 2015,"Brian Hedden, Time-Slice Rationality, Mind, 124 (494): 449-491 APR 2015",2015,22,Hedden 2015,EP
98,Hellman 1975,"GP Hellman and FW Thompson, Physicalism - Ontology, Determination, And Reduction, Journal Of Philosophy, 72 (17): 551-564 1975",1975,67,Hellman and Thompson 1975,ME
39,Henrich 1969,"D Henrich, Proof-Structure Of Kants Transcendental Deduction, Review Of Metaphysics, 22 (4): 640-659 1969",1969,30,Henrich 1969,HP
397,Hieronymi 2005,"P Hieronymi, The Wrong Kind Of Reason, Journal Of Philosophy, 102 (9): 437-457 SEP 2005",2005,94,Hieronymi 2005,ET
411,Hieronymi 2006,"P Hieronymi, Controlling Attitudes, Pacific Philosophical Quarterly, 87 (1): 45-74 MAR 2006",2006,69,Hieronymi 2006,ET
315,Hill 1997,"CS Hill, Imaginability, Conceivability, Possibility And The Mind-Body Problem, Philosophical Studies, 87 (1): 61-85 JUL 1997",1997,62,Hill 1997,PM
435,Hills 2009,"Alison Hills, Moral Testimony And Moral Epistemology, Ethics, 120 (1): 94-127 OCT 2009",2009,60,Hills 2009,ET
356,Hitchcock 2001,"C Hitchcock, The Intransitivity Of Causation Revealed In Equations And Graphs, Journal Of Philosophy, 98 (6): 273-299 JUN 2001",2001,87,Hitchcock 2001,ME
169,Horgan 1982,"T Horgan, Supervenience And Microphysics, Pacific Philosophical Quarterly, 63 (1): 29-43 1982",1982,57,Horgan 1982,ME
492,Horowitz 2014,"Sophie Horowitz, Epistemic Akrasia, Nous, 48 (4): 718-744 DEC 2014",2014,44,Horowitz 2014,EP
418,Huemer 2007,"Michael Huemer, Compassionate Phenomenal Conservatism, Philosophy And Phenomenological Research, 74 (1): 30-55 JAN 2007",2007,104,Huemer 2007,EP
122,Hull 1978,"DL Hull, Matter Of Individuality, Philosophy Of Science, 45 (3): 335-360 1978",1978,122,Hull 1978,ME
322,Humphreys 1997,"P Humphreys, How Properties Emerge, Philosophy Of Science, 64 (1): 1-17 MAR 1997",1997,45,Humphreys 1997,PS
161,Jackson 1982,"F Jackson, Epiphenomenal Qualia, Philosophical Quarterly, 32 (127): 127-136 1982",1982,371,Jackson 1982,PM
207,Jackson 1986,"F Jackson and R Pargetter, Oughts, Options, And Actualism + The Exploration And Defense Of Actualism, Philosophical Review, 95 (2): 233-255 APR 1986",1986,82,Jackson and Pargetter 1986,ET
226,Jackson 1988,"F Jackson and P Pettit, Functionalism And Broad Content, Mind, 97 (387): 381-400 JUL 1988",1988,63,Jackson and Pettit 1988,PM
245,Jackson 1990,"F Jackson and P Pettit, Program Explanation - A General Perspective, Analysis, 50 (2): 107-117 MAR 1990",1990,97,Jackson and Pettit 1990,PS
256,Jackson 1991,"F Jackson, Decision-Theoretic Consequentialism And The Nearest And Dearest Objection, Ethics, 101 (3): 461-482 APR 1991",1991,94,Jackson 1991,ET
85,Jeffrey 1974,NA,1974,66,Jeffrey 1974,PS
459,Jenkins 2011,"C. S. Jenkins, Is Metaphysical Dependence Irreflexive?, Monist, 94 (2): 267-276 APR 2011",2011,56,Jenkins 2011,ME
263,Johnston 1992,"M Johnston, How To Speak Of The Colors, Philosophical Studies, 68 (3): 221-263 DEC 1992",1992,215,Johnston 1992,PM
266,Johnston 1992,"M Johnston, Constitution Is Not Identity, Mind, 101 (401): 89-105 JAN 1992",1992,78,Johnston 1992,ME
388,Johnston 2004,"M Johnston, The Obscure Object Of Hallucination, Philosophical Studies, 120 (1-3): 113-183 JUL-SEP 2004",2004,78,Johnston 2004,PM
309,Jones 1996,"K Jones, Trust As An Affective Attitude, Ethics, 107 (1): 4-25 OCT 1996",1996,62,Jones 1996,ET
324,Joyce 1998,"JM Joyce, A Nonpragmatic Vindication Of Probabilism, Philosophy Of Science, 65 (4): 575-603 DEC 1998",1998,153,Joyce 1998,EP
451,Joyce 2010,"James M. Joyce, A Defense Of Imprecise Credences In Inference And Decision Making, Philosophical Perspectives, 24 (1): 281-323 DEC 2010",2010,52,Joyce 2010,EP
228,Kagan 1988,"S Kagan, The Additive Fallacy, Ethics, 99 (1): 5-31 OCT 1988",1988,56,Kagan 1988,ET
461,Kahane 2011,"Guy Kahane, Evolutionary Debunking Arguments, Nous, 45 (1): 103-125 MAR 2011",2011,55,Kahane 2011,ET
99,Kaplan 1975,"D Kaplan, Sets, Concepts And Extensions - How To Russell A Frege-Church, Journal Of Philosophy, 72 (19): 716-729 1975",1975,60,D Kaplan 1975,LM
462,Kaplan 2011,"David Michael Kaplan and Carl F. Craver, The Explanatory Force Of Dynamical And Mathematical Models In Neuroscience: A Mechanistic Perspective, Philosophy Of Science, 78 (4): 601-627 OCT 2011",2011,51,DM Kaplan and Craver 2011,PS
173,Kavka 1983,"GS Kavka, The Toxin Puzzle, Analysis, 43 (1): 33-36 1983",1983,132,Kavka 1983,ET
372,Kelly 2002,"T Kelly, The Rationality Of Belief And Some Other Propositional Attitudes, Philosophical Studies, 110 (2): 163-196 AUG 2002",2002,55,Kelly 2002,EP
378,Kelly 2003,"T Kelly, Epistemic Rationality As Instrumental Rationality: A Critique, Philosophy And Phenomenological Research, 66 (3): 612-640 MAY 2003",2003,81,Kelly 2003,EP
5,Kim 1966,"J Kim, Psycho-Physical Identity Theory, American Philosophical Quarterly, 3 (3): 227-235 1966",1966,36,Kim 1966,PM
76,Kim 1973,NA,1973,188,Kim 1973,ME
124,Kim 1978,"J Kim, Supervenience And Nomological Incommensurables, American Philosophical Quarterly, 15 (2): 149-156 1978",1978,74,Kim 1978,ME
165,Kim 1982,"J Kim, Psychophysical Supervenience, Philosophical Studies, 41 (1): 51-70 1982",1982,73,Kim 1982,PM
183,Kim 1984,"J Kim, Concepts Of Supervenience, Philosophy And Phenomenological Research, 45 (2): 153-176 1984",1984,152,Kim 1984,ME
218,Kim 1987,"J Kim, Strong And Global Supervenience Revisited, Philosophy And Phenomenological Research, 48 (2): 315-326 DEC 1987",1987,51,Kim 1987,ME
251,Kim 1990,"JW Kim, Supervenience As A Philosophical Concept, Metaphilosophy, 21 (1-2): 1-27 JAN-APR 1990",1990,50,Kim 1990,ME
265,Kim 1992,"JW Kim, Multiple Realization And The Metaphysics Of Reduction, Philosophy And Phenomenological Research, 52 (1): 1-26 MAR 1992",1992,96,Kim 1992,ME
336,Kim 1999,"J Kim, Making Sense Of Emergence, Philosophical Studies, 95 (1-2): 3-36 AUG 1999",1999,103,Kim 1999,PM
152,Kitcher 1981,"P Kitcher, Explanatory Unification, Philosophy Of Science, 48 (4): 507-531 1981",1981,192,Kitcher 1981,PS
187,Kitcher 1984,"P Kitcher, Species, Philosophy Of Science, 51 (2): 308-333 1984",1984,96,Kitcher 1984 Species,PS
188,Kitcher 1984,"P Kitcher, 1953 And All That, A Tale Of 2 Sciences, Philosophical Review, 93 (3): 335-373 1984",1984,86,"Kitcher 1984 ""1953""",PS
237,Kitcher 1989,"P Kitcher, Explanatory Unification And The Causal-Structure Of The World, Minnesota Studies In The Philosophy Of Science, 13: 410-505 1989",1989,104,Kitcher 1989,PS
244,Kitcher 1990,"P Kitcher, The Division Of Cognitive Labor, Journal Of Philosophy, 87 (1): 5-22 JAN 1990",1990,102,Kitcher 1990,PS
267,Kitcher 1992,"P Kitcher, The Naturalists Return, Philosophical Review, 101 (1): 53-114 JAN 1992",1992,75,Kitcher 1992,PS
58,Klein 1971,NA,1971,62,Klein 1971,EP
381,Knobe 2003,"J Knobe, Intentional Action And Side Effects In Ordinary Language, Analysis, 63 (3): 190-194 JUL 2003",2003,78,Knobe 2003,ET
75,Kohlberg 1973,NA,1973,203,Kohlberg 1973,ET
394,Kolodny 2005,"N Kolodny, Why Be Rational?, Mind, 114 (455): 509-563 JUL 2005",2005,170,Kolodny 2005,ET
444,Kolodny 2010,"Niko Kolodny and John Macfarlane, Ifs And Oughts, Journal Of Philosophy, 107 (3): 115-143 MAR 2010",2010,75,Kolodny and MacFarlane 2010,LM
179,Kornblith 1983,"H Kornblith, Justified Belief And Epistemically Responsible Action, Philosophical Review, 92 (1): 33-48 1983",1983,69,Kornblith 1983,EP
174,Korsgaard 1983,"CM Korsgaard, 2 Distinctions In Goodness, Philosophical Review, 92 (2): 169-195 1983",1983,95,Korsgaard 1983,ET
203,Korsgaard 1986,"CM Korsgaard, Skepticism About Practical Reason, Journal Of Philosophy, 83 (1): 5-25 JAN 1986",1986,126,Korsgaard 1986,ET
10,Kretzmann 1966,"N Kretzmann, Omniscience And Immutability, Journal Of Philosophy, 63 (14): 409-421 1966",1966,15,Kretzmann 1966,ME
91,Kripke 1975,"S Kripke, Outline Of A Theory Of Truth, Journal Of Philosophy, 72 (19): 690-716 1975",1975,331,Kripke 1975,LM
416,Lackey 2007,"Jennifer Lackey, Norms Of Assertion (Knowledge Norm Of Assertion, Kna), Nous, 41 (4): 594-626 DEC 2007",2007,122,Lackey 2007,EP
328,Ladyman 1998,"J Ladyman, What Is Structural Realism?, Studies In History And Philosophy Of Science, 29A (3): 409-424 SEP 1998",1998,94,Ladyman 1998,PS
479,Lange 2013,"Marc Lange, What Makes A Scientific Explanation Distinctively Mathematical?, British Journal For The Philosophy Of Science, 64 (3): 485-511 SEP 2013",2013,47,Lange 2013,PS
279,Langton 1993,"R Langton, Speech Acts And Unspeakable Acts, Philosophy & Public Affairs, 22 (4): 293-330 FAL 1993",1993,51,Langton 1993,PP
327,Langton 1998,"R Langton and D Lewis, Defining 'Intrinsic' (Properties, Philosophy), Philosophy And Phenomenological Research, 58 (2): 333-345 JUN 1998",1998,96,Langton and Lewis 1998,ME
490,Lasonen-Aarnio 2014,"Maria Lasonen-Aarnio, Higher-Order Evidence And The Limits Of Defeat, Philosophy And Phenomenological Research, 88 (2): 314-345 MAR 2014",2014,47,Lasonen-Aarnio 2014,EP
151,Laudan 1981,"L Laudan, A Confutation Of Convergent Realism, Philosophy Of Science, 48 (1): 19-49 1981",1981,212,Laudan 1981,PS
219,Laudan 1987,"L Laudan, Progress Or Rationality - The Prospects For Normative Naturalism, American Philosophical Quarterly, 24 (1): 19-31 JAN 1987",1987,48,Laudan 1987,PS
260,Laudan 1991,"L Laudan and J Leplin, Empirical Equivalence And Underdetermination, Journal Of Philosophy, 88 (9): 449-472 SEP 1991",1991,73,Laudan and Leplin 1991,PS
32,Lehrer 1969,"K Lehrer and T Paxson, Knowledge - Undefeated Justified True Belief, Journal Of Philosophy, 66 (8): 225-237 1969",1969,84,Lehrer and Paxson 1969,EP
453,Leitgeb 2010,"Hannes Leitgeb and Richard Pettigrew, An Objective Justification Of Bayesianism I: Measuring Inaccuracy, Philosophy Of Science, 77 (2): 201-235 APR 2010",2010,50,Leitgeb and Pettigrew 2010,EP
495,Leitgeb 2014,"Hannes Leitgeb, The Stability Theory Of Belief, Philosophical Review, 123 (2): 131-171 APR 2014",2014,40,Leitgeb 2014,EP
214,Lepore 1987,"E Lepore and B Loewer, Mind Matters, Journal Of Philosophy, 84 (11): 630-642 NOV 1987",1987,64,Lepore  and Loewer 1987,PM
493,Leuenberger 2014,"Stephan Leuenberger, Grounding And Necessity, Inquiry-An Interdisciplinary Journal Of Philosophy, 57 (2): 151-174 Sp. Iss. SI MAR 4 2014",2014,43,Leuenberger 2014,ME
83,Levi 1974,NA,1974,213,Levi 1974,PS
172,Levine 1983,"J Levine, Materialism And Qualia, The Explanatory Gap, Pacific Philosophical Quarterly, 64 (4): 354-361 1983",1983,172,Levine 1983,PM
143,Levinson 1980,"J Levinson, What A Musical Work Is, Journal Of Philosophy, 77 (1): 5-28 1980",1980,78,Levinson 1980,AE
483,Levy 2013,"Arnon Levy and William Bechtel, Abstraction And The Organization Of Mechanisms, Philosophy Of Science, 80 (2): 241-261 APR 2013",2013,35,A Levy and Bechtel 2013,PS
508,Levy 2015,"Neil Levy, Neither Fish Nor Fowl: Implicit Attitudes As Patchy Endorsements, Nous, 49 (4): 800-823 DEC 2015",2015,19,N Levy 2015,PM
2,Lewis 1966,"DK Lewis, Argument For Identity Theory, Journal Of Philosophy, 63 (1): 17-25 1966",1966,116,Lewis 1966,PM
21,Lewis 1968,"DK Lewis, Counterpart Theory And Quantified Modal Logic, Journal Of Philosophy, 65 (5): 113-126 1968",1968,198,Lewis 1968,ME
42,Lewis 1970,"D Lewis, How To Define Theoretical Terms, Journal Of Philosophy, 67 (13): 427-446 1970",1970,179,Lewis 1970,PS
54,Lewis 1971,NA,1971,135,Lewis 1971,ME
71,Lewis 1973,NA,1973,741,Lewis 1973,ME
102,Lewis 1976,"D Lewis, Probabilities Of Conditionals And Conditional Probabilities, Philosophical Review, 85 (3): 297-315 1976",1976,185,Lewis 1976 Conditional Probability,PS
103,Lewis 1976,"D Lewis, Paradoxes Of Time Travel, American Philosophical Quarterly, 13 (2): 145-152 1976",1976,123,Lewis 1976 Time Travel,ME
121,Lewis 1978,"D Lewis, Truth In Fiction, American Philosophical Quarterly, 15 (1): 37-46 1978",1978,135,Lewis 1978,AE
133,Lewis 1979,"D Lewis, Attitudes De-Dicto And De-Se, Philosophical Review, 88 (4): 513-543 1979",1979,293,Lewis 1979 De Se,PM
134,Lewis 1979,"D Lewis, Scorekeeping In A Language Game, Journal Of Philosophical Logic, 8 (3): 339-359 1979",1979,271,Lewis 1979 Scorekeeping,PL
132,Lewis 1979,"D Lewis, Counterfactual Dependence And Times Arrow, Nous, 13 (4): 455-476 1979",1979,294,Lewis 1979 Time's Arrow,ME
146,Lewis 1980,"D Lewis, Veridical Hallucination And Prosthetic Vision, Australasian Journal Of Philosophy, 58 (3): 239-249 1980",1980,65,Lewis 1980,PM
154,Lewis 1981,"D Lewis, Causal Decision-Theory, Australasian Journal Of Philosophy, 59 (1): 5-30 1981",1981,116,Lewis 1981,ET
168,Lewis 1982,"D Lewis, Logic For Equivocators, Nous, 16 (3): 431-441 1982",1982,58,Lewis 1982,LM
171,Lewis 1983,"D Lewis, New Work For A Theory Of Universals, Australasian Journal Of Philosophy, 61 (4): 343-377 1983",1983,529,Lewis 1983 New Work,ME
178,Lewis 1983,"D Lewis, Extrinsic Properties, Philosophical Studies, 44 (2): 197-200 1983",1983,71,Lewis 1983 Extrinsic,ME
181,Lewis 1984,"D Lewis, Putnam Paradox, Australasian Journal Of Philosophy, 62 (3): 221-236 1984",1984,183,Lewis 1984,PM
209,Lewis 1986,"D Lewis, Against Structural Universals, Australasian Journal Of Philosophy, 64 (1): 25-46 MAR 1986",1986,61,Lewis 1986,ME
283,Lewis 1994,"D Lewis, Chance And Credence - Humean Supervenience Debugged, Mind, 103 (412): 473-490 OCT 1994",1994,213,Lewis 1994,PS
303,Lewis 1996,"D Lewis, Elusive Knowledge, Australasian Journal Of Philosophy, 74 (4): 549-567 DEC 1996",1996,405,Lewis 1996,EP
313,Lewis 1997,"D Lewis, Finkish Dispositions + Refutation Of Simple Conditional Analysis, Philosophical Quarterly, 47 (187): 143-158 APR 1997",1997,168,Lewis 1997,ME
345,Lewis 2000,"D Lewis, Causation As Influence, Journal Of Philosophy, 97 (4): 182-197 Sp. Iss. SI APR 2000",2000,145,Lewis 2000,ME
357,Lewis 2001,"D Lewis, Truthmaking And Difference-Making, Nous, 35 (4): 602-615 DEC 2001",2001,78,Lewis 2001 Truthmaking,ME
361,Lewis 2001,"D Lewis, Sleeping Beauty: Reply To Elga (Subjective Probabilities), Analysis, 61 (3): 171-176 JUL 2001",2001,61,Lewis 2001 Sleeping Beauty,EP
439,List 2009,"Christian List and Peter Menzies, Nonreductive Physicalism And The Limits Of The Exclusion Principle, Journal Of Philosophy, 106 (9): 475-502 SEP 2009",2009,50,List and Menzies 2009,ME
509,Litland 2015,"Jon Erling Litland, Grounding, Explanation, And The Limit Of Internality, Philosophical Review, 124 (4): 481-532 OCT 2015",2015,19,Litland 2015,ME
109,Loar 1976,"B Loar, Semantics Of Singular Terms, Philosophical Studies, 30 (6): 353-377 1976",1976,44,Loar 1976,PL
380,Macfarlane 2003,"J Macfarlane, Future Contingents And Relative Truth, Philosophical Quarterly, 53 (212): 321-336 JUL 2003",2003,79,MacFarlane 2003,PL
420,Macfarlane 2007,"John Macfarlane, Relativism And Disagreement, Philosophical Studies, 132 (1): 17-31 JAN 2007",2007,89,MacFarlane 2007,PL
434,Macfarlane 2009,"John Macfarlane, Nonindexical Contextualism, Synthese, 166 (2): 231-250 JAN 2009",2009,72,MacFarlane 2009,PL
343,Machamer 2000,"P Machamer, L Darden, et al, Thinking About Mechanisms, Philosophy Of Science, 67 (1): 1-25 MAR 2000",2000,312,Machamer 2000,PS
468,Macpherson 2012,"Fiona Macpherson, Cognitive Penetration Of Colour Experience: Rethinking The Issue In Light Of An Indirect Mechanism, Philosophy And Phenomenological Research, 84 (1): 24-62 JAN 2012",2012,55,Macpherson 2012,PM
147,Maddy 1980,"P Maddy, Perception And Mathematical Intuition, Philosophical Review, 89 (2): 163-196 1980",1980,40,Maddy 1980,LM
29,Malcolm 1968,"N Malcolm, Conceivability Of Mechanism, Philosophical Review, 77 (1): 45-72 1968",1968,38,Malcolm 1968,PM
145,Marcus 1980,"RB Marcus, Moral Dilemmas And Consistency, Journal Of Philosophy, 77 (3): 121-136 1980",1980,67,Marcus 1980,ET
329,Markosian 1998,"N Markosian, Brutal Composition (Objects, Vagueness, Ontology), Philosophical Studies, 92 (3): 211-249 DEC 1998",1998,86,Markosian 1998,ME
4,Martin 1966,"CB Martin and M Deutscher, Remembering, Philosophical Review, 75 (2): 161-196 1966",1966,55,CB Martin and Deutscher 1966,PM
284,Martin 1994,"CB Martin, Dispositions And Conditionals, Philosophical Quarterly, 44 (174): 1-8 JAN 1994",1994,166,CB Martin 1994,ME
321,Martin 1997,"CB Martin, On The Need For Properties: The Road To Pythagoreanism And Back, Synthese, 112 (2): 193-231 AUG 1997",1997,47,CB Martin 1997,ME
386,Martin 2004,"MGF Martin, The Limits Of Self-Awareness, Philosophical Studies, 120 (1-3): 37-89 JUL-SEP 2004",2004,112,MGF Martin 2004,PM
368,Matthen 2002,"M Matthen and A Ariew, Two Ways Of Thinking About Fitness And Natural Selection, Journal Of Philosophy, 99 (2): 55-83 FEB 2002",2002,74,Matthen and Ariew 2002,PS
301,Mcdermott 1995,"M Mcdermott, Redundant Causation, British Journal For The Philosophy Of Science, 46 (4): 523-544 DEC 1995",1995,54,McDermott 1995,ME
120,Mcdowell 1977,"J Mcdowell, Sense And Reference Of A Proper Name, Mind, 86 (342): 159-185 1977",1977,60,McDowell 1977,PL
135,Mcdowell 1979,"J Mcdowell, Virtue And Reason, Monist, 62 (3): 331-350 1979",1979,180,McDowell 1979,ET
298,Mcdowell 1995,"J Mcdowell, Knowledge And The Internal, Philosophy And Phenomenological Research, 55 (4): 877-893 DEC 1995",1995,63,McDowell 1995,EP
194,Mcgee 1985,"V Mcgee, A Counterexample To Modus-Ponens, Journal Of Philosophy, 82 (9): 462-471 1985",1985,88,McGee 1985,LM
239,Mcginn 1989,"C Mcginn, Can We Solve The Mind Body Problem, Mind, 98 (391): 349-366 JUL 1989",1989,80,McGinn 1989,PM
311,Mcginn 1996,"C Mcginn, Another Look At Color, Journal Of Philosophy, 93 (11): 537-553 NOV 1996",1996,56,McGinn 1996,PM
258,Mckinsey 1991,"M Mckinsey, Anti-Individualism And Privileged Access, Analysis, 51 (1): 9-16 JAN 1991",1991,75,McKinsey 1991,PM
193,Mcmullin 1985,"E Mcmullin, Galilean Idealization, Studies In History And Philosophy Of Science, 16 (3): 247-273 1985",1985,95,McMullin 1985,PS
89,Mellor 1974,"DH Mellor, In Defense Of Dispositions, Philosophical Review, 83 (2): 157-181 1974",1974,51,Mellor 1974,ME
234,Millikan 1989,"RG Millikan, In Defense Of Proper Functions, Philosophy Of Science, 56 (2): 288-302 JUN 1989",1989,131,Millikan 1989 Proper Function,PS
236,Millikan 1989,"RG Millikan, Biosemantics, Journal Of Philosophy, 86 (6): 281-297 JUN 1989",1989,113,Millikan 1989 Biosemantics,PM
25,Morris 1968,"H Morris, Persons And Punishment, Monist, 52 (4): 475-501 1968",1968,57,Morris 1968,ET
189,Mulligan 1984,"K Mulligan, P Simons, et al, Truth-Makers + Moments And The 'Tractatus', Philosophy And Phenomenological Research, 44 (3): 287-321 1984",1984,85,Mulligan et al 1984,ME
81,Nagel 1974,"T Nagel, What Is It Like To Be A Bat, Philosophical Review, 83 (4): 435-450 1974",1974,475,Nagel 1974,PM
252,Neander 1991,"K Neander, Functions As Selected Effects - The Conceptual Analysts Defense, Philosophy Of Science, 58 (2): 168-184 JUN 1991",1991,147,Neander 1991 Functions as Effects,PS
261,Neander 1991,"K Neander, The Teleological Notion Of Function, Australasian Journal Of Philosophy, 69 (4): 454-468 DEC 1991",1991,68,Neander 1991 Teleological Functions,PS
300,Neander 1995,"K Neander, Misrepresenting And Malfunctioning, Philosophical Studies, 79 (2): 109-141 AUG 1995",1995,58,Neander 1995,PS
312,Oliver 1996,"A Oliver, The Metaphysics Of Properties, Mind, 105 (417): 1-80 JAN 1996",1996,54,Oliver 1996,ME
9,Owen 1966,"GEL Owen, Plato And Parmenides On Timeless Present, Monist, 50 (3): 317-340 1966",1966,19,Owen 1966,HP
55,Parfit 1971,"D Parfit, Personal Identity, Philosophical Review, 80 (1): 3-27 1971",1971,111,Parfit 1971,ME
316,Parfit 1997,"D Parfit, Equality And Priority, Ratio-New Series, 10 (3): 202-221 DEC 1997",1997,61,Parfit 1997,PP
87,Parsons 1974,"C Parsons, Liar Paradox, Journal Of Philosophical Logic, 3 (4): 381-412 1974",1974,57,Parsons 1974,PM
74,Partee 1973,NA,1973,217,Partee 1973,PL
373,Paul 2002,"LA Paul, Logical Parts (Mereology), Nous, 36 (4): 578-596 DEC 2002",2002,55,Paul 2002,ME
501,Paul 2015,"L. A. Paul, What You Can't Expect When You're Expecting, Res Philosophica, 92 (2): 149-170 Sp. Iss. SI APR 2015",2015,27,Paul 2015,ET
358,Peacocke 2001,"C Peacocke, Does Perception Have A Nonconceptual Content?, Journal Of Philosophy, 98 (5): 239-264 MAY 2001",2001,72,Peacocke 2001,PM
65,Perry 1972,NA,1972,80,Perry 1972,PL
111,Perry 1977,"J Perry, Frege On Demonstratives, Philosophical Review, 86 (4): 474-497 1977",1977,163,Perry 1977,PL
131,Perry 1979,"J Perry, Problem Of The Essential Indexical, Nous, 13 (1): 3-21 1979",1979,341,Perry 1979,PL
465,Piccinini 2011,"Gualtiero Piccinini and Carl Craver, Integrating Psychology And Neuroscience: Functional Analyses As Mechanism Sketches, Synthese, 183 (3): 283-311 DEC 2011",2011,42,Piccinini and Craver 2011,PS
297,Pietroski 1995,"P Pietroski and G Rey, When Other Things Arent Equal - Saving Ceteris Paribus Laws From Vacuity, British Journal For The Philosophy Of Science, 46 (1): 81-110 MAR 1995",1995,64,Pietroski and Rey 1995,PL
387,Pitt 2004,"D Pitt, The Phenomenology Of Cognition, Or, What Is It Like To Think That P?, Philosophy And Phenomenological Research, 69 (1): 1-36 JUL 2004",2004,88,Pitt 2004,PM
176,Plantinga 1983,"A Plantinga, On Existentialism, Philosophical Studies, 44 (1): 1-20 1983",1983,77,Plantinga 1983,ME
476,Plunkett 2013,"David Plunkett and Tim Sundell, Disagreement And The Semantics Of Normative And Evaluative Terms, Philosophers Imprint, 13 (23): 1-37 DEC 2013",2013,72,Plunkett and Sundell 2013,PL
136,Priest 1979,"G Priest, Logic Of Paradox, Journal Of Philosophical Logic, 8 (2): 219-241 1979",1979,144,Priest 1979,LM
163,Prior 1982,"EW Prior, R Pargetter, et al, 3 Theses About Dispositions, American Philosophical Quarterly, 19 (3): 251-257 1982",1982,105,Prior et al 1982,ME
422,Pritchard 2007,"Duncan Pritchard, Anti-Luck Epistemology, Synthese, 158 (3): 277-297 OCT 2007",2007,74,Pritchard 2007,EP
466,Pritchard 2012,"Duncan Pritchard, Anti-Luck Virtue Epistemology, Journal Of Philosophy, 109 (3): 247-279 MAR 2012",2012,92,Pritchard 2012,EP
344,Pryor 2000,"J Pryor, The Skeptic And The Dogmatist, Nous, 34 (4): 517-549 DEC 2000",2000,266,Pryor 2000,EP
389,Pryor 2004,"J Pryor, What's Wrong With Moore's Argument?, Nous, : 349-378 Suppl. 14 2004",2004,78,Pryor 2004,EP
16,Putnam 1967,"H Putnam, Time And Physical Geometry, Journal Of Philosophy, 64 (8): 240-247 1967",1967,69,Putnam 1967,ME
73,Putnam 1973,NA,1973,296,Putnam 1973,PL
28,Quine 1968,"WV Quine, Ontological Relativity, Journal Of Philosophy, 65 (7): 185-212 1968",1968,40,Quine 1968,ME
46,Quine 1970,"WV Quine, Reasons For Indeterminacy Of Translation, Journal Of Philosophy, 67 (6): 178-183 1970",1970,67,Quine 1970,PL
385,Rabinowicz 2004,"W Rabinowicz and T Ronnow-Rasmussen, The Strike Of The Demon: On Fitting Pro-Attitudes And Value, Ethics, 114 (3): 391-423 APR 2004",2004,117,Rabinowicz and Ronnow-Rasmussen 2004,ET
159,Railton 1981,"P Railton, Probability, Explanation, And Information, Synthese, 48 (2): 233-256 1981",1981,71,Railton 1981,PS
185,Railton 1984,"P Railton, Alienation, Consequentialism, And The Demands Of Morality, Philosophy & Public Affairs, 13 (2): 134-171 1984",1984,135,Railton 1984,ET
201,Railton 1986,"P Railton, Moral Realism + A Form Of Ethical Naturalism, Philosophical Review, 95 (2): 163-207 APR 1986",1986,195,Railton 1986 Moral Realism,ET
211,Railton 1986,"P Railton, Facts And Values, Philosophical Topics, 14 (2): 5-31 FAL 1986",1986,58,Railton 1986 Facts and Values,ET
473,Raven 2012,"Michael J. Raven, In Defence Of Ground, Australasian Journal Of Philosophy, 90 (4): 687-701 2012",2012,40,Raven 2012,ME
484,Raven 2013,"Michael J. Raven, Is Ground A Strict Partial Order?, American Philosophical Quarterly, 50 (2): 193-201 APR 2013",2013,35,Raven 2013,ME
500,Raven 2015,"Michael J. Raven, Ground, Philosophy Compass, 10 (5): 322-333 MAY 2015",2015,29,Raven 2015,ME
141,Rawls 1980,"J Rawls, Rational And Full Autonomy, Journal Of Philosophy, 77 (9): 515-535 1980",1980,151,Rawls 1980,PP
196,Rawls 1985,"J Rawls, Justice As Fairness - Political Not Metaphysical, Philosophy & Public Affairs, 14 (3): 223-251 1985",1985,79,Rawls 1985,PP
498,Rice 2015,"Collin Rice, Moving Beyond Causes: Optimality Models And Scientific Explanation, Nous, 49 (3): 589-615 SEP 2015",2015,30,Rice 2015,PS
391,Richard 2004,"M Richard, Contextualism And Relativism, Philosophical Studies, 119 (1-2): 215-242 MAY 2004",2004,60,Richard 2004,PL
8,Rietdijk 1966,"CW Rietdijk, Rigorous Proof Of Determinism Derived From Special Theory Of Relativity, Philosophy Of Science, 33 (4): 341-344 1966",1966,20,Rietdijk 1966,PS
481,Ripley 2013,"David Ripley, Paradoxes And Failures Of Cut, Australasian Journal Of Philosophy, 91 (1): 139-164 MAR 1 2013",2013,38,Ripley 2013,LM
229,Roberts 1988,"RC Roberts, What An Emotion Is - A Sketch, Philosophical Review, 97 (2): 183-209 APR 1988",1988,55,Roberts 1988,PM
50,Rorty 1970,"R Rorty, Incorrigibility As Mark Of Mental, Journal Of Philosophy, 67 (12): 399-424 1970",1970,33,Rorty 1970,PM
64,Rorty 1972,NA,1972,110,Rorty 1972,PM
243,Rosen 1990,"G Rosen, Modal Fictionalism, Mind, 99 (395): 327-354 JUL 1990",1990,105,Rosen 1990,ME
204,Rosenthal 1986,"DM Rosenthal, 2 Concepts Of Consciousness, Philosophical Studies, 49 (3): 329-359 MAY 1986",1986,89,Rosenthal 1986,PM
489,Ross 2014,"Jacob Ross and Mark Schroeder, Belief, Credence, And Pragmatic Encroachment, Philosophy And Phenomenological Research, 88 (2): 259-288 MAR 2014",2014,49,Ross and Schroeder 2014,EP
355,Rysiew 2001,"P Rysiew, The Context-Sensitivity Of Knowledge Attributions, Nous, 35 (4): 477-514 DEC 2001",2001,94,Rysiew 2001,EP
325,Salmon 1998,"N Salmon, Nonexistence (Singular Negative Existentials), Nous, 32 (3): 277-319 SEP 1998",1998,114,Salmon 1998,PL
377,Schaffer 2003,"J Schaffer, Is There A Fundamental Level? (Reality, Metaphysics, Ontology), Nous, 37 (3): 498-517 SEP 2003",2003,90,Schaffer 2003,ME
392,Schaffer 2004,"J Schaffer, From Contextualism To Contrastivism, Philosophical Studies, 119 (1-2): 73-103 MAY 2004",2004,58,Schaffer 2004,EP
401,Schaffer 2005,"Jonathan Schaffer, Contrastive Causation, Philosophical Review, 114 (3): 327-358 JUL 2005",2005,65,Schaffer 2005,ME
438,Schaffer 2009,"Jonathan Schaffer, Spacetime The One Substance, Philosophical Studies, 145 (1): 131-148 JUL 2009",2009,51,Schaffer 2009,ME
445,Schaffer 2010,"Jonathan Schaffer, The Least Discerning And Most Promiscuous Truthmaker, Philosophical Quarterly, 60 (239): 307-324 APR 2010",2010,73,Schaffer 2010,ME
507,Schaffer 2015,"Jonathan Schaffer, What Not To Multiply Without Necessity, Australasian Journal Of Philosophy, 93 (4): 644-664 OCT 2 2015",2015,19,Schaffer 2015,ME
15,Schaffner 1967,"KF Schaffner, Approaches To Reduction, Philosophy Of Science, 34 (2): 137-147 1967",1967,93,Schaffner 1967,PS
271,Schiffer 1992,"S Schiffer, Belief Ascription, Journal Of Philosophy, 89 (10): 499-521 OCT 1992",1992,61,Schiffer 1992,PL
487,Schoenfield 2014,"Miriam Schoenfield, Permission To Believe: Why Permissivism Is True And What It Tells Us About Irrelevant Influences On Belief, Nous, 48 (2): 193-218 JUN 2014",2014,55,Schoenfield 2014,EP
440,Schroeder 2009,"Mark Schroeder, Means-End Coherence, Stringency, And Subjective Reasons, Philosophical Studies, 143 (2): 223-248 MAR 2009",2009,49,Schroeder 2009,ET
370,Schwitzgebel 2002,"E Schwitzgebel, A Phenomenal, Dispositional Account Of Belief, Nous, 36 (2): 249-275 JUN 2002",2002,65,Schwitzgebel 2002,PM
426,Schwitzgebel 2008,"Eric Schwitzgebel, The Unreliability Of Naive Introspection, Philosophical Review, 117 (2): 245-273 APR 2008",2008,65,Schwitzgebel 2008,PM
448,Schwitzgebel 2010,"Eric Schwitzgebel, Acting Contrary To Our Professed Beliefs Or The Gulf Between Occurrent Judgment And Dispositional Belief, Pacific Philosophical Quarterly, 91 (4): 531-553 DEC 2010",2010,62,Schwitzgebel 2010,PM
38,Sellars 1969,"W Sellars, Language As Thought And As Communication, Philosophy And Phenomenological Research, 29 (4): 506-527 1969",1969,37,Sellars 1969,PL
170,Sen 1982,"A Sen, Rights And Agency, Philosophy & Public Affairs, 11 (1): 3-39 1982",1982,51,Sen 1982,PP
374,Shah 2003,"N Shah, How Truth Governs Belief, Philosophical Review, 112 (4): 447-482 OCT 2003",2003,127,Shah 2003,EP
395,Shah 2005,"Nishi Shah and J. David Velleman, Doxastic Deliberation, Philosophical Review, 114 (4): 497-534 OCT 2005",2005,122,Shah and Velleman 2005,EP
413,Shah 2006,"Nishi Shah, A New Argument For Evidentialism, Philosophical Quarterly, 56 (225): 481-498 OCT 2006",2006,63,Shah 2006,EP
351,Shapiro 2000,"LA Shapiro, Multiple Realizations, Journal Of Philosophy, 97 (12): 635-654 DEC 2000",2000,71,Shapiro 2000,PS
23,Shoemaker 1968,"SS Shoemaker, Self-Reference And Self-Awareness, Journal Of Philosophy, 65 (19): 555-567 1968",1968,82,Shoemaker 1968,PM
35,Shoemaker 1969,"S Shoemaker, Time Without Change, Journal Of Philosophy, 66 (12): 363-381 1969",1969,43,Shoemaker 1969,ME
44,Shoemaker 1970,"S Shoemaker, Persons And Their Pasts, American Philosophical Quarterly, 7 (4): 269-285 1970",1970,74,Shoemaker 1970,ME
167,Shoemaker 1982,"S Shoemaker, The Inverted Spectrum, Journal Of Philosophy, 79 (7): 357-381 1982",1982,62,Shoemaker 1982,PM
291,Shoemaker 1994,"S Shoemaker, Self-Knowledge And Inner Sense .1. The Object Perception Model, Philosophy And Phenomenological Research, 54 (2): 249-269 JUN 1994",1994,67,Shoemaker 1994,PM
331,Shoemaker 1998,"S Shoemaker, Causal And Metaphysical Necessity, Pacific Philosophical Quarterly, 79 (1): 59-77 MAR 1998",1998,82,Shoemaker 1998,ME
337,Shogenji 1999,"T Shogenji, Is Coherence Truth Conducive? (Belief), Analysis, 59 (4): 338-345 OCT 1999",1999,81,Shogenji 1999,EP
128,Shope 1978,"RK Shope, Conditional Fallacy In Contemporary Philosophy, Journal Of Philosophy, 75 (8): 397-413 1978",1978,52,Shope 1978,EP
282,Sider 1993,"T Sider, Vaninwagen And The Possibility Of Gunk, Analysis, 53 (4): 285-289 OCT 1993",1993,41,Sider 1993,ME
307,Sider 1996,"T Sider, All The Worlds A Stage + A Philosophers Reasons To Believe The Stage-View, Australasian Journal Of Philosophy, 74 (3): 433-453 SEP 1996",1996,71,Sider 1996,ME
320,Sider 1997,"T Sider, Four-Dimensionalism (Persistence Through Time, Doctrine Of Temporal Parts, Perdurance), Philosophical Review, 106 (2): 197-231 APR 1997",1997,48,Sider 1997,ME
423,Sider 2007,"Theodore Sider, Parthood, Philosophical Review, 116 (1): 51-91 JAN 2007",2007,62,Sider 2007,ME
471,Siegel 2012,"Susanna Siegel, Cognitive Penetrability And Perceptual Justification, Nous, 46 (2): 201-222 JUN 2012",2012,45,Siegel 2012,PM
289,Simons 1994,"P Simons, Particulars In Particular Clothing - 3 Trope Theories Of Substance, Philosophy And Phenomenological Research, 54 (3): 553-575 SEP 1994",1994,72,Simons 1994,ME
61,Singer 1972,"P Singer, Famine, Affluence, And Morality, Philosophy & Public Affairs, 1 (3): 229-243 1972",1972,234,Singer 1972,ET
88,Singer 1974,"P Singer, Sidgwick And Reflective Equilibrium, Monist, 58 (3): 490-517 1974",1974,54,Singer 1974,ET
497,Skiles 2015,"Alexander Skiles, Against Grounding Necessitarianism, Erkenntnis, 80 (4): 717-751 AUG 2015",2015,50,Skiles 2015,ME
506,Sliwa 2015,"Paulina Sliwa and Sophie Horowitz, Respecting All The Evidence, Philosophical Studies, 172 (11): 2835-2858 NOV 2015",2015,19,Sliwa and Horowitz 2015,EP
212,Smith 1987,"M Smith, The Humean Theory Of Motivation, Mind, 96 (381): 36-61 JAN 1987",1987,100,M Smith 1987,ET
302,Smith 1995,"M Smith, Internal Reasons, Philosophy And Phenomenological Research, 55 (1): 109-131 MAR 1995",1995,45,M Smith 1995,ET
396,Smith 2005,"AM Smith, Responsibility For Attitudes: Activity And Passivity In Mental Life, Ethics, 115 (2): 236-271 JAN 2005",2005,94,A Smith 2005,ET
472,Smithies 2012,"Declan Smithies, Moore's Paradox And The Accessibility Of Justification, Philosophy And Phenomenological Research, 85 (2): 273-300 SEP 2012",2012,40,Smithies 2012 Moore's Paradox,EP
475,Smithies 2012,"Declan Smithies, The Normative Role Of Knowledge, Nous, 46 (2): 265-288 JUN 2012",2012,38,Smithies 2012 Role of Knowledge,EP
144,Sober 1980,"E Sober, Evolution, Population Thinking, And Essentialism, Philosophy Of Science, 47 (3): 350-383 1980",1980,76,Sober 1980,PS
180,Sober 1983,"E Sober, Equilibrium Explanation, Philosophical Studies, 43 (2): 201-210 1983",1983,57,Sober 1983,PS
281,Sober 1993,"E Sober, Mathematics And Indispensability + Scientific Realism And Empirical Explanation, Philosophical Review, 102 (1): 35-57 JAN 1993",1993,41,Sober 1993,PS
342,Sober 1999,"E Sober, The Multiple Realizability Argument Against Reductionism, Philosophy Of Science, 66 (4): 542-564 DEC 1999",1999,65,Sober 1999,PS
339,Sosa 1999,"E Sosa, How To Defeat Opposition To Moore, Nous, : 141-153 Suppl. S 1999",1999,72,Sosa 1999,EP
45,NA 1970,"STALNAKE.RC NA, Probability And Conditionals, Philosophy Of Science, 37 (1): 64-& 1970",1970,69,Stalnaker 1970,PL
97,Stalnaker 1975,"R Stalnaker, Indicative Conditionals, Philosophia, 5 (3): 269-286 1975",1975,77,Stalnaker 1975,PL
105,Stalnaker 1976,"RC Stalnaker, Possible Worlds, Nous, 10 (1): 65-75 1976",1976,84,Stalnaker 1976,ME
217,Stampe 1987,"DW Stampe, The Authority Of Desire, Philosophical Review, 96 (3): 335-381 JUL 1987",1987,51,Stampe 1987,ET
353,Stanley 2001,"J Stanley and T Williamson, Knowing How, Journal Of Philosophy, 98 (8): 411-444 AUG 2001",2001,177,Stanley and Williamson 2001,EP
126,Steiner 1978,"M Steiner, Mathematical Explanation, Philosophical Studies, 34 (2): 135-151 1978",1978,56,Steiner 1978,LM
225,Sterelny 1988,"K Sterelny and P Kitcher, The Return Of The Gene, Journal Of Philosophy, 85 (7): 339-361 JUL 1988",1988,71,Sterelny and Kitcher 1988,PS
127,Stich 1978,"SP Stich, Beliefs And Subdoxastic States, Philosophy Of Science, 45 (4): 499-518 1978",1978,55,Stich 1978,PM
107,Stine 1976,"GC Stine, Skepticism, Relevant Alternatives, And Deductive Closure, Philosophical Studies, 29 (4): 249-261 1976",1976,72,Stine 1976,EP
104,Stocker 1976,"M Stocker, Schizophrenia Of Modern Ethical Theories, Journal Of Philosophy, 73 (14): 453-466 1976",1976,116,Stocker 1976,ET
140,Stocker 1979,"M Stocker, Desiring The Bad - Essay In Moral Psychology, Journal Of Philosophy, 76 (12): 738-753 1979",1979,101,Stocker 1979,ET
404,Street 2006,"S Street, A Darwinian Dilemma For Realist Theories Of Value, Philosophical Studies, 127 (1): 109-166 Sp. Iss. SI JAN 2006",2006,183,Street 2006,ET
485,Strevens 2013,"Michael Strevens, No Understanding Without Explanation, Studies In History And Philosophy Of Science, 44 (3): 510-515 SEP 2013",2013,34,Strevens 2013,PS
22,Stroud 1968,"B Stroud, Transcendental Arguments, Journal Of Philosophy, 65 (9): 241-256 1968",1968,83,Stroud 1968,EP
428,Sturgeon 2008,"Scott Sturgeon, Reason And The Grain Of Belief, Nous, 42 (1): 139-165 MAR 2008",2008,59,Sturgeon 2008,EP
460,Sundell 2011,"Timothy Sundell, Disagreements About Taste, Philosophical Studies, 155 (2): 267-288 SEP 2011",2011,56,Sundell 2011,PL
430,Swain 2008,"Stacey Swain, Joshua Alexander, et al, The Instability Of Philosophical Intuitions: Running Hot And Cold On Truetemp (Keith Lehrer), Philosophy And Phenomenological Research, 76 (1): 138-155 JAN 2008",2008,56,Swain 2008,EP
164,Swoyer 1982,"C Swoyer, The Nature Of Natural Laws, Australasian Journal Of Philosophy, 60 (3): 203-223 1982",1982,86,Swoyer 1982,ME
116,Taurek 1977,"JM Taurek, Should Numbers Count, Philosophy & Public Affairs, 6 (4): 293-316 1977",1977,98,Taurek 1977,ET
125,Thagard 1978,"PR Thagard, Best Explanation - Criteria For Theory Choice, Journal Of Philosophy, 75 (2): 76-92 1978",1978,60,Thagard 1978,PS
53,Thomson 1971,"JJ Thomson, Defense Of Abortion, Philosophy & Public Affairs, 1 (1): 47-66 1971",1971,158,Thomson 1971 Abortion,ET
57,Thomson 1971,NA,1971,69,Thomson 1971 Actions,ET
175,Thomson 1983,"JJ Thomson, Parthood And Identity Across Time, Journal Of Philosophy, 80 (4): 201-220 1983",1983,87,Thomson 1983,ME
259,Thomson 1991,"JJ Thomson, Self-Defense, Philosophy & Public Affairs, 20 (4): 283-310 FAL 1991",1991,74,Thomson 1991,ET
332,Thomson 1998,"JJ Thomson, The Statue And The Clay (Problem In Philosophy, Ontology), Nous, 32 (2): 149-173 JUN 1998",1998,71,Thomson 1998,ME
113,Tooley 1977,"M Tooley, Nature Of Laws, Canadian Journal Of Philosophy, 7 (4): 667-698 1977",1977,155,Tooley 1977,ME
384,Travis 2004,"C Travis, The Silence Of The Senses, Mind, 113 (449): 57-94 JAN 2004",2004,121,Travis 2004,PM
477,Trogdon 2013,"Kelly Trogdon, Grounding: Necessary Or Contingent?, Pacific Philosophical Quarterly, 94 (4): 465-485 DEC 2013",2013,52,Trogdon 2013,ME
452,Tucker 2010,"Chris Tucker, Why Open-Minded People Should Endorse Dogmatism, Philosophical Perspectives, 24 (1): 529-545 DEC 2010",2010,52,Tucker 2010,EP
450,Turri 2010,"John Turri, On The Relationship Between Propositional And Doxastic Justification, Philosophy And Phenomenological Research, 80 (2): 312-326 MAR 2010",2010,56,Turri 2010,EP
371,Tye 2002,"M Tye, Representationalism And The Transparency Of Experience, Nous, 36 (1): 137-151 MAR 2002",2002,63,Tye 2002,PM
24,Unger 1968,"P Unger, Analysis Of Factual Knowledge, Journal Of Philosophy, 65 (6): 157-170 1968",1968,72,Unger 1968,EP
3,Vanfraassen 1966,"BC Vanfraassen, Singular Terms, Truth-Value Gaps, And Free Logic, Journal Of Philosophy, 63 (17): 481-495 1966",1966,58,van Fraassen 1966,LM
27,Vanfraassen 1968,"BC Vanfraassen, Presupposition, Implication, And Self-Reference, Journal Of Philosophy, 65 (5): 136-151 1968",1968,51,van Fraassen 1968,LM
36,Vanfraassen 1969,"BC Vanfraassen, Facts And Tautological Entailments, Journal Of Philosophy, 66 (15): 477-487 1969",1969,40,van Fraassen 1969,LM
49,NA 1970,"VANFRAAS.BC NA, On Extension Of Beths Semantics Of Physical Theories, Philosophy Of Science, 37 (3): 325-& 1970",1970,43,van Fraassen 1970,LM
70,Vanfraassen 1972,"BC Vanfraassen, Logic Of Conditional Obligation, Journal Of Philosophical Logic, 1 (3-4): 417-438 1972",1972,37,van Fraassen 1972,LM
182,Vanfraassen 1984,"BC Vanfraassen, Belief And The Will, Journal Of Philosophy, 81 (5): 235-256 1984",1984,167,van Fraassen 1984,EP
296,Vanfraassen 1995,"BC Vanfraassen, Belief And The Problem Of Ulysses And The Sirens, Philosophical Studies, 77 (1): 7-37 JAN 1995",1995,72,van Fraassen 1995,EP
117,Vaninwagen 1977,"P Vaninwagen, Creatures Of Fiction, American Philosophical Quarterly, 14 (4): 299-308 1977",1977,91,van Inwagen 1977,AE
130,Vaninwagen 1978,"P Vaninwagen, Ability And Responsibility, Philosophical Review, 87 (2): 201-224 1978",1978,50,van Inwagen 1978,ET
155,Vaninwagen 1981,"P Vaninwagen, The Doctrine Of Arbitrary Undetached Parts, Pacific Philosophical Quarterly, 62 (2): 123-137 1981",1981,99,van Inwagen 1981,ME
247,Vaninwagen 1990,"P Vaninwagen, 4-Dimensional Objects, Nous, 24 (2): 245-255 APR 1990",1990,82,van Inwagen 1990,ME
20,Vanheijenoort 1967,"J Vanheijenoort, Logic As Calculus And Logic As Language, Synthese, 17 (3): 324-330 1967",1967,46,Vanheijenoort 1967,LM
305,Veltman 1996,"F Veltman, Defaults In Update Semantics, Journal Of Philosophical Logic, 25 (3): 221-261 JUN 1996",1996,81,Veltman 1996,PL
249,Vogel 1990,"J Vogel, Cartesian Skepticism And Inference To The Best Explanation, Journal Of Philosophy, 87 (11): 658-666 NOV 1990",1990,57,Vogel 1990,EP
350,Vogel 2000,"J Vogel, Reliabilism Leveled (Epistemic Justification And The Theory Of Knowledge), Journal Of Philosophy, 97 (11): 602-623 NOV 2000",2000,72,Vogel 2000,EP
431,Von Fintel 2008,"Kai Von Fintel and Anthony S. Gillies, Cia Leaks, Philosophical Review, 117 (1): 77-98 JAN 2008",2008,52,von Fintel and Gillies 2008,PL
369,Walsh 2002,"DM Walsh, T Lewens, et al, The Trials Of Life: Natural Selection And Random Drift, Philosophy Of Science, 69 (3): 452-473 SEP 2002",2002,66,Walsh et al2002,PS
43,Walton 1970,"KL Walton, Categories Of Art, Philosophical Review, 79 (3): 334-367 1970",1970,139,Walton 1970,AE
78,Walton 1973,NA,1973,164,Walton 1973,AE
123,Walton 1978,"KL Walton, Fearing Fictions, Journal Of Philosophy, 75 (1): 5-27 1978",1978,82,Walton 1978,AE
93,Watson 1975,"G Watson, Free Agency, Journal Of Philosophy, 72 (8): 205-220 1975",1975,166,Watson 1975,ET
216,Watson 1987,"G Watson, Free Action And Free Will, Mind, 96 (382): 145-172 APR 1987",1987,53,Watson 1987,ET
398,Weiner 2005,"Matthew Weiner, Must We Know What We Say?, Philosophical Review, 114 (2): 227-251 APR 2005",2005,93,Weiner 2005,EP
421,Weisberg 2007,"Michael Weisberg, Three Kinds Of Idealization, Journal Of Philosophy, 104 (12): 639-659 DEC 2007",2007,76,Weisberg 2007,EP
405,White 2006,"Roger White, Problems For Dogmatism, Philosophical Studies, 131 (3): 525-557 DEC 2006",2006,94,White 2006,EP
294,Widerker 1995,"D Widerker, Libertarianism And Frankfurt Attack On The Principle-Of-Alternative-Possibilities, Philosophical Review, 104 (2): 247-261 APR 1995",1995,89,Widerker 1995,ET
48,Williams 1970,"B Williams, Self And Future, Philosophical Review, 79 (2): 161-180 1970",1970,49,Williams 1970,ME
304,Williamson 1996,"T Williamson, Knowing And Asserting, Philosophical Review, 105 (4): 489-523 OCT 1996",1996,105,Williamson 1996,EP
400,Williamson 2005,"T Williamson, Contextualism, Subject-Sensitive Invariantism And Knowledge Of Knowledge, Philosophical Quarterly, 55 (219): 213-235 APR 2005",2005,71,Williamson 2005,EP
486,Wilson 2014,"Jessica M. Wilson, No Work For A Theory Of Grounding, Inquiry-An Interdisciplinary Journal Of Philosophy, 57 (5-6): 535-579 NOV 2 2014",2014,88,Wilson 2014,ME
150,Wolf 1980,"S Wolf, Asymmetrical Freedom, Journal Of Philosophy, 77 (3): 151-166 1980",1980,33,Wolf 1980,ET
162,Wolf 1982,"S Wolf, Moral Saints + Implications For Moral-Philosophy, Journal Of Philosophy, 79 (8): 419-439 1982",1982,113,Wolf 1982,ET
447,Woodward 2010,"James Woodward, Causation In Biology: Stability, Specificity, And The Choice Of Levels Of Explanation, Biology & Philosophy, 25 (3): 287-318 JUN 2010",2010,62,Woodward 2010,PS
505,Woodward 2015,"James Woodward, Interventionism And Causal Exclusion, Philosophy And Phenomenological Research, 91 (2): 303-347 SEP 2015",2015,20,Woodward 2015,ME
232,Worrall 1989,"J Worrall, Structural Realism - The Best Of Both Worlds, Dialectica, 43 (1-2): 99-124 1989",1989,145,Worrall 1989,PS
80,Wright 1973,"L Wright, Functions, Philosophical Review, 82 (2): 139-168 1973",1973,142,L Wright 1973,PS
367,Wright 2002,"C Wright, (Anti-)Sceptics Simple And Subtle: G.e. Moore And John Mcdowell, Philosophy And Phenomenological Research, 65 (2): 330-348 SEP 2002",2002,92,C Wright 2002,EP
262,Yablo 1992,"S Yablo, Mental Causation, Philosophical Review, 101 (2): 245-280 APR 1992",1992,236,Yablo 1992,PM
273,Yablo 1993,"S Yablo, Is Conceivability A Guide To Possibility, Philosophy And Phenomenological Research, 53 (1): 1-42 MAR 1993",1993,108,Yablo 1993,ME
274,Yablo 1993,"S Yablo, Paradox Without Self-Reference, Analysis, 53 (4): 251-252 OCT 1993",1993,73,Yablo 1993,LM
417,Yalcin 2007,"Seth Yalcin, Epistemic Modals, Mind, 116 (464): 983-1026 OCT 2007",2007,105,Yalcin 2007,PL
295,Zimmerman 1995,"DW Zimmerman, Theories Of Masses And Problems Of Constitution, Philosophical Review, 104 (1): 53-110 JAN 1995",1995,83,Zimmerman 1995,ME